<?xml version="1.0" encoding="UTF-8"?>
<project-private xmlns="http://www.netbeans.org/ns/project-private/1">
    <editor-bookmarks xmlns="http://www.netbeans.org/ns/editor-bookmarks/2" lastBookmarkId="0"/>
    <open-files xmlns="http://www.netbeans.org/ns/projectui-open-files/2">
        <group>
            <file>file:/Users/silver-moon1412/Desktop/Full%20year%20paper/345%20emulator%20part/fullyear/public_html/index.html</file>
            <file>file:/Users/silver-moon1412/Desktop/Full%20year%20paper/345%20emulator%20part/fullyear/public_html/appFunctions.js</file>
            <file>file:/Users/silver-moon1412/Desktop/Full%20year%20paper/345%20emulator%20part/fullyear/public_html/emulator.js</file>
        </group>
    </open-files>
</project-private>
